Country Name,Country Code,Indicator Name,Indicator Code,1960,2008,2009,2010,2011,2012,2013,2014,2015,2016,2017,2018,2019,2020
Aruba,ABW,Population growth (annual %),SP.POP.GROW,,0.134267964,0.095654625,0.210708808,0.370125352,0.502430116,0.582349411,0.594397037,0.544892394,0.50761773,0.469944453,0.453575639,0.442121959,
Afghanistan,AFG,Population growth (annual %),SP.POP.GROW,,2.268277145,2.397020991,2.74657628,3.143125903,3.407586974,3.494589049,3.355581661,3.077083595,2.778317409,2.548346644,2.3847611,2.311817217,
Angola,AGO,Population growth (annual %),SP.POP.GROW,,3.710531322,3.703877683,3.671462401,3.634158626,3.597774308,3.551950467,3.497492744,3.438850684,3.37827278,3.322080998,3.276133875,3.242982603,
Albania,ALB,Population growth (annual %),SP.POP.GROW,,-0.767342959,-0.673894046,-0.496461963,-0.269017332,-0.16515104,-0.183211385,-0.207047,-0.291205787,-0.159880412,-0.091972294,-0.246732042,-0.426007367,
Andorra,AND,Population growth (annual %),SP.POP.GROW,,1.414647779,0.714097792,-0.016576679,-0.834745269,-1.588729602,-2.025792158,-1.95147048,-1.529058438,-0.919469738,-0.383673623,0.006493211,0.176453843,
Arab World,ARB,Population growth (annual %),SP.POP.GROW,,2.453973002,2.433025198,2.383186853,2.329921954,2.281328778,2.224340702,2.160101793,2.093418103,2.019087384,1.949023702,1.915912549,1.924692733,
United Arab Emirates,ARE,Population growth (annual %),SP.POP.GROW,,13.91024929,11.04463501,7.687054686,4.536347626,2.154163159,0.614129704,0.176677484,0.52741154,1.053281129,1.339385202,1.50389676,1.438780445,
Argentina,ARG,Population growth (annual %),SP.POP.GROW,,0.99259313,0.999544734,0.752213052,1.15305928,1.136905694,1.1191092,1.099461091,1.078001344,1.057181578,1.037133897,1.015808349,0.993397493,
Armenia,ARM,Population growth (annual %),SP.POP.GROW,,-0.856135016,-0.67381128,-0.373711867,-0.027147008,0.267013214,0.461966644,0.51012273,0.450500903,0.361431439,0.294612228,0.236306379,0.201539723,
American Samoa,ASM,Population growth (annual %),SP.POP.GROW,,-1.507058742,-1.417146554,-1.071293125,-0.572257861,-0.165132053,0.082600112,0.139905318,0.037633397,-0.12729377,-0.217311352,-0.279065762,-0.276230801,
Antigua and Barbuda,ATG,Population growth (annual %),SP.POP.GROW,,1.618469661,1.567333688,1.467063743,1.382008785,1.286878642,1.217000042,1.136486988,1.078837937,1.021843835,0.946557003,0.89718512,0.860380481,
Australia,AUS,Population growth (annual %),SP.POP.GROW,,2.00402174,2.06104513,1.555489589,1.389527316,1.745820001,1.72115144,1.491566489,1.439216653,1.561940498,1.684523108,1.536105516,1.515984454,
Austria,AUT,Population growth (annual %),SP.POP.GROW,,0.313041438,0.26195319,0.2403943,0.337080842,0.455937472,0.589387255,0.781541633,1.120992502,1.081396299,0.694621104,0.487071925,0.412539809,
Azerbaijan,AZE,Population growth (annual %),SP.POP.GROW,,2.099854033,2.076148264,1.189787708,1.303000855,1.328763827,1.293447027,1.248208997,1.191209858,1.11785721,0.981261805,0.866316916,0.837019639,
Burundi,BDI,Population growth (annual %),SP.POP.GROW,,3.301310362,3.287269847,3.256066998,3.207759114,3.159741833,3.13340508,3.136852423,3.156909217,3.177016087,3.181367524,3.166773442,3.128967114,
Belgium,BEL,Population growth (annual %),SP.POP.GROW,,0.789976845,0.804599573,0.913639392,1.301002902,0.620163579,0.471340144,0.443929288,0.579446242,0.506300002,0.385228018,0.455184695,0.497584972,
Benin,BEN,Population growth (annual %),SP.POP.GROW,,2.823555548,2.809301752,2.806086484,2.803717973,2.797648941,2.790718131,2.782181506,2.771714168,2.761409493,2.750055592,2.734862013,2.715105359,
Burkina Faso,BFA,Population growth (annual %),SP.POP.GROW,,3.024954857,3.02644987,3.019251293,3.008981855,2.997392478,2.981606475,2.961900814,2.939462977,2.915319071,2.890850806,2.867078367,2.844222553,
Bangladesh,BGD,Population growth (annual %),SP.POP.GROW,,1.145653022,1.116805726,1.124803493,1.144262127,1.15494813,1.156713453,1.142594657,1.117283565,1.091300482,1.070244022,1.050044649,1.042001128,
Bulgaria,BGR,Population growth (annual %),SP.POP.GROW,,-0.701922745,-0.644281363,-0.658275447,-0.641228921,-0.579220596,-0.559647217,-0.568389264,-0.638069468,-0.701382098,-0.730443175,-0.722080405,-0.703905641,
Bahrain,BHR,Population growth (annual %),SP.POP.GROW,,7.324342452,6.127452758,4.599778006,2.960981473,1.690591501,1.153830127,1.587749264,2.642471156,3.856582461,4.677986951,4.921161372,4.469239009,
"Bahamas, The",BHS,Population growth (annual %),SP.POP.GROW,,1.847733423,1.70871838,1.515331048,1.297394475,1.108201634,0.980915204,0.93928457,0.959409324,0.990519136,1.008311908,1.010953344,0.991335935,
Bosnia and Herzegovina,BIH,Population growth (annual %),SP.POP.GROW,,-0.226551525,-0.489520028,-0.818827889,-1.20265119,-1.547013043,-1.745167149,-1.722562344,-1.526276235,-1.264581174,-1.031207183,-0.826854592,-0.692206409,
Belarus,BLR,Population growth (annual %),SP.POP.GROW,,-0.345415054,-0.22296073,-0.170360662,-0.183624023,-0.091637482,0.015868579,0.089902558,0.159300802,0.12551111,-0.034421419,-0.155570407,-0.17564847,
Belize,BLZ,Population growth (annual %),SP.POP.GROW,,2.574385215,2.520576643,2.451470158,2.381907641,2.323531697,2.256884073,2.188961079,2.118799855,2.047695884,1.980528851,1.92457577,1.883110736,
Bermuda,BMU,Population growth (annual %),SP.POP.GROW,,0.593330046,0.55612581,-0.780059723,-0.859898041,0.362431076,0.313281274,0.210765988,0.151985016,-1.046951883,-1.054930756,0.073583517,-0.003128911,
Bolivia,BOL,Population growth (annual %),SP.POP.GROW,,1.691076655,1.666110583,1.643602456,1.622458837,1.600004605,1.574598408,1.544967683,1.512924033,1.480132784,1.44923493,1.421899486,1.399098368,
Brazil,BRA,Population growth (annual %),SP.POP.GROW,,0.994311624,0.961948263,0.937956738,0.915962656,0.893531058,0.873603191,0.855792023,0.838848283,0.823748232,0.807147162,0.783847579,0.751548427,
Barbados,BRB,Population growth (annual %),SP.POP.GROW,,0.446079294,0.41279802,0.364679446,0.302945811,0.251638162,0.20986071,0.185900767,0.175042007,0.165289294,0.152789486,0.142439723,0.133875829,
Brunei Darussalam,BRN,Population growth (annual %),SP.POP.GROW,,1.181371824,1.175132443,1.227117263,1.288981384,1.337513016,1.352256699,1.313717171,1.246081245,1.172400865,1.10699921,1.051993743,1.002737318,
Bhutan,BTN,Population growth (annual %),SP.POP.GROW,,1.008172467,0.99412939,1.052929968,1.130704583,1.187928924,1.22609147,1.233911551,1.219146338,1.206226624,1.195337374,1.176843395,1.146382274,
Botswana,BWA,Population growth (annual %),SP.POP.GROW,,2.119781897,1.957036327,1.705719395,1.413987357,1.191100637,1.120660803,1.256439448,1.525307942,1.832852792,2.070326167,2.197675758,2.175290909,
Central African Republic,CAF,Population growth (annual %),SP.POP.GROW,,1.779120362,1.49251562,1.126577396,0.723831391,0.401556668,0.259489943,0.364290952,0.647403919,0.985894486,1.277504136,1.519051537,1.674745212,
Canada,CAN,Population growth (annual %),SP.POP.GROW,,1.082907116,1.141758099,1.111864075,0.978697787,1.085817263,1.056591259,1.005337579,0.746339478,1.132348655,1.194280492,1.397947791,1.424051307,
Central Europe and the Baltics,CEB,Population growth (annual %),SP.POP.GROW,,-0.357629035,-0.191813703,-0.3616663,-0.236933127,-0.229154984,-0.21320183,-0.209757193,-0.230243283,-0.255290913,-0.2481934,-0.19625233,-0.154526619,
Switzerland,CHE,Population growth (annual %),SP.POP.GROW,,1.270618074,1.249484631,1.041558058,1.111878943,1.061819329,1.149879758,1.220103973,1.138337152,1.092031174,0.933155889,0.736633975,0.708089213,
Channel Islands,CHI,Population growth (annual %),SP.POP.GROW,,1.155383526,1.109317789,0.978895056,0.78820108,0.655001196,0.604134796,0.649269563,0.780009114,0.9256539,1.03818709,1.081493246,1.026972656,
Chile,CHL,Population growth (annual %),SP.POP.GROW,,1.071437972,1.059280301,1.03892916,0.997439115,0.963057457,0.978852117,1.061145126,1.177757471,1.325201606,1.425185044,1.391010541,1.182980431,
China,CHN,Population growth (annual %),SP.POP.GROW,,0.512386932,0.497381401,0.482959689,0.479150454,0.487231118,0.493709634,0.506311592,0.508136747,0.541478512,0.559121331,0.455899679,0.357291063,
Cote d'Ivoire,CIV,Population growth (annual %),SP.POP.GROW,,2.240257565,2.287160067,2.334565367,2.385511855,2.435928938,2.476674322,2.504548687,2.522094681,2.536099761,2.54780739,2.552358861,2.549336239,
Cameroon,CMR,Population growth (annual %),SP.POP.GROW,,2.750797225,2.752312198,2.747773491,2.740435666,2.731263968,2.718244285,2.701555717,2.68179173,2.660494609,2.637694363,2.612290751,2.584247107,
"Congo, Dem. Rep.",COD,Population growth (annual %),SP.POP.GROW,,3.293973839,3.31689666,3.331131654,3.337677422,3.337564776,3.331362952,3.319676665,3.30283221,3.282914628,3.258508351,3.2266989,3.187086302,
"Congo, Rep.",COG,Population growth (annual %),SP.POP.GROW,,3.432735093,3.283536842,3.049010156,2.794481941,2.590901936,2.465109065,2.440638958,2.483608177,2.539585634,2.570629914,2.5817013,2.562900803,
Colombia,COL,Population growth (annual %),SP.POP.GROW,,1.1761571,1.112485691,1.050652174,0.969133686,0.902010125,0.90829254,1.009872269,1.167245179,1.360060673,1.503387796,1.517270891,1.381702014,
Comoros,COM,Population growth (annual %),SP.POP.GROW,,2.403628365,2.408719056,2.412541877,2.417574078,2.419233782,2.406870493,2.383357478,2.347041066,2.310060155,2.274118744,2.239170611,2.205877437,
Cabo Verde,CPV,Population growth (annual %),SP.POP.GROW,,1.209762197,1.204959629,1.221877199,1.251037486,1.270619062,1.280864881,1.266209611,1.241420644,1.212831744,1.188624222,1.159766769,1.127924314,
Costa Rica,CRI,Population growth (annual %),SP.POP.GROW,,1.319338699,1.282650394,1.245064785,1.209682364,1.178288353,1.147549943,1.117473924,1.086952795,1.057570381,1.02767609,0.994782258,0.957905014,
Caribbean small states,CSS,Population growth (annual %),SP.POP.GROW,,0.667091736,0.675594543,0.689543441,0.705285345,0.715967377,0.716377773,0.703364661,0.679967129,0.653179386,0.627343217,0.601162818,0.576385402,
Cuba,CUB,Population growth (annual %),SP.POP.GROW,,-0.125853285,-0.091365268,-0.007812033,0.096498608,0.18165923,0.227322223,0.214098396,0.157999772,0.091156671,0.03660521,-0.009886496,-0.041064554,
Curacao,CUW,Population growth (annual %),SP.POP.GROW,,1.258225307,0.651152062,1.265514155,1.420897663,0.829929595,1.133678907,1.347641396,1.319593903,1.060316441,0.319536038,-0.234393419,-1.425633433,
Cayman Islands,CYM,Population growth (annual %),SP.POP.GROW,,2.932849962,2.722827106,2.410960217,2.105708532,1.848797909,1.638526018,1.516836501,1.429388302,1.359711357,1.290996168,1.241823478,1.198880548,
Cyprus,CYP,Population growth (annual %),SP.POP.GROW,,1.664159945,1.515871507,1.314447193,1.092417604,0.903859855,0.774057448,0.733317428,0.752185523,0.789478236,0.807965016,0.809225398,0.779788192,
Czech Republic,CZE,Population growth (annual %),SP.POP.GROW,,0.829412603,0.569729451,0.291361674,0.206747667,0.139925656,0.033169946,0.105277582,0.196588748,0.192048416,0.265642664,0.334427262,0.373537317,
Germany,DEU,Population growth (annual %),SP.POP.GROW,,-0.190142845,-0.25338341,-0.153198447,-1.853714629,0.187727801,0.272900215,0.416877359,0.865702644,0.807218539,0.37372456,0.300526702,0.273451074,
Djibouti,DJI,Population growth (annual %),SP.POP.GROW,,1.345061526,1.394637918,1.483821493,1.591180954,1.679899653,1.730858448,1.728785489,1.6878089,1.640637851,1.599962382,1.557873607,1.515180502,
Dominica,DMA,Population growth (annual %),SP.POP.GROW,,0.04519072,0.033879643,0.038100883,0.053598884,0.069071972,0.071840601,0.097114032,0.137768178,0.174047346,0.21153652,0.233431052,0.255171543,
Denmark,DNK,Population growth (annual %),SP.POP.GROW,,0.58754759,0.535079062,0.444197155,0.411737855,0.376272243,0.416901361,0.507053283,0.70642385,0.780392644,0.643350904,0.495838926,0.429153164,
Dominican Republic,DOM,Population growth (annual %),SP.POP.GROW,,1.268457779,1.246805455,1.228584074,1.21066679,1.192277887,1.174368643,1.157205552,1.13957128,1.122509257,1.103628391,1.078841148,1.046460513,
Algeria,DZA,Population growth (annual %),SP.POP.GROW,,1.636192663,1.722093224,1.805018696,1.883313834,1.951415209,2.002727839,2.033592452,2.045387243,2.051354584,2.044952503,2.00737383,1.933950191,
East Asia & Pacific (excluding high income),EAP,Population growth (annual %),SP.POP.GROW,,0.729672038,0.720317215,0.713973909,0.716258001,0.725011709,0.728547776,0.73055484,0.721120394,0.731716167,0.732499837,0.652581297,0.578195472,
Early-demographic dividend,EAR,Population growth (annual %),SP.POP.GROW,,1.57419226,1.547956907,1.522818726,1.496333503,1.454719199,1.427583027,1.402565095,1.378324129,1.352590731,1.326453026,1.306104481,1.294583564,
East Asia & Pacific,EAS,Population growth (annual %),SP.POP.GROW,,0.709301107,0.686240487,0.676314196,0.670106894,0.681735892,0.680784795,0.685390765,0.678000089,0.684682352,0.679211013,0.606731208,0.536489918,
Europe & Central Asia (excluding high income),ECA,Population growth (annual %),SP.POP.GROW,,0.381164577,0.514480994,0.575253557,0.616488218,0.616754171,0.674234289,0.667906246,0.679682581,0.659707801,0.615781816,0.542740287,0.495547945,
Europe & Central Asia,ECS,Population growth (annual %),SP.POP.GROW,,0.402193924,0.413275732,0.390906129,0.251809716,0.407334072,0.477940063,0.483976348,0.476569982,0.462921327,0.404071114,0.364881976,0.350516856,
Ecuador,ECU,Population growth (annual %),SP.POP.GROW,,1.659163647,1.628720225,1.589348217,1.53872479,1.498947998,1.496886223,1.543740767,1.617888472,1.70688086,1.768538648,1.765611201,1.679213179,
"Egypt, Arab Rep.",EGY,Population growth (annual %),SP.POP.GROW,,1.778686233,1.864470038,1.984783112,2.113785288,2.214742178,2.267940686,2.25924945,2.207038658,2.14522549,2.09083472,2.033262176,1.976284348,
Euro area,EMU,Population growth (annual %),SP.POP.GROW,,0.489879358,0.324931836,0.235742755,-0.217710183,0.220485298,0.339993378,0.343937662,0.303182433,0.292608837,0.200258602,0.199188602,0.220727543,
Eritrea,ERI,Population growth (annual %),SP.POP.GROW,,2.18657189,1.84846867,1.606144198,1.363875294,,,,,,,,,
Spain,ESP,Population growth (annual %),SP.POP.GROW,,1.595330499,0.885735981,0.460408305,0.355338396,0.064925963,-0.32766904,-0.298951059,-0.077588862,0.08443015,0.234587923,0.437982994,0.594469675,
Estonia,EST,Population growth (annual %),SP.POP.GROW,,-0.26813372,-0.192768077,-0.228057969,-0.303582824,-0.357944411,-0.355891803,-0.262256175,0.06555253,0.029112226,0.121070631,0.348039138,0.348339662,
Ethiopia,ETH,Population growth (annual %),SP.POP.GROW,,2.741022523,2.756851322,2.783770941,2.812610345,2.829617214,2.827018361,2.799921862,2.756127788,2.708106304,2.663467978,2.620013482,2.579563348,
European Union,EUU,Population growth (annual %),SP.POP.GROW,,0.321180272,0.236685885,0.139393783,-0.177888639,0.147240035,0.243214521,0.250230145,0.21802229,0.212345575,0.144458525,0.144890089,0.164369897,
Fragile and conflict affected situations,FCS,Population growth (annual %),SP.POP.GROW,,2.497166827,2.48718639,2.480934751,2.481314973,2.476714646,2.451653697,2.400764808,2.337713321,2.269866254,2.218654078,2.211901333,2.264148581,
Finland,FIN,Population growth (annual %),SP.POP.GROW,,0.465549285,0.478246393,0.457494535,0.463558707,0.475809487,0.460723773,0.413560208,0.329383886,0.287421402,0.234670532,0.132641041,0.086789963,
Fiji,FJI,Population growth (annual %),SP.POP.GROW,,1.090789507,0.974228982,0.721469407,0.421409494,0.187443865,0.062287766,0.097571629,0.250593764,0.433308394,0.578334254,0.684181932,0.729660242,
France,FRA,Population growth (annual %),SP.POP.GROW,,0.558854359,0.514489504,0.494035951,0.483658695,0.48400512,0.514784474,0.473703877,0.35556924,0.263868789,0.210010696,0.151733989,0.140234218,
Faroe Islands,FRO,Population growth (annual %),SP.POP.GROW,,-0.01045533,-0.025097252,0.012549413,0.018821168,0.041812139,0.102365915,0.14188543,0.189561669,0.253575128,0.32744786,0.342876364,0.372524228,
"Micronesia, Fed. Sts.",FSM,Population growth (annual %),SP.POP.GROW,,-0.866405724,-0.550074504,-0.062170329,0.522386716,1.015608183,1.349625109,1.424765867,1.339571942,1.204888841,1.122380666,1.054008214,1.037743079,
Gabon,GAB,Population growth (annual %),SP.POP.GROW,,3.073677791,3.264323666,3.458586132,3.657047821,3.788513401,3.779180691,3.606514936,3.335098786,3.043395155,2.796855564,2.602954061,2.484089207,
United Kingdom,GBR,Population growth (annual %),SP.POP.GROW,,0.787032622,0.75639086,0.783888647,0.781506562,0.695353132,0.669740536,0.736463979,0.792367506,0.757874493,0.679374474,0.605929132,0.56125539,
Georgia,GEO,Population growth (annual %),SP.POP.GROW,,-0.303790529,-0.888185043,-0.729475257,-0.80216404,-0.736565519,-0.300972141,0.0469539,0.157481405,0.059816599,0.013386075,-0.039036546,-0.165625314,
Ghana,GHA,Population growth (annual %),SP.POP.GROW,,2.578727625,2.54383881,2.487041563,2.424369788,2.369475311,2.323851599,2.291780693,2.268814549,2.246599268,2.22053243,2.192828837,2.162577887,
Gibraltar,GIB,Population growth (annual %),SP.POP.GROW,,0.125231098,0.017877361,0.059568133,0.080360735,0.101103223,0.136624216,0.097898164,0.032611435,0.002964149,-0.026680501,-0.029653353,-0.050430889,
Guinea,GIN,Population growth (annual %),SP.POP.GROW,,2.291532239,2.290858042,2.259470138,2.215186971,2.19781536,2.235254811,2.342417883,2.48970209,2.644487343,2.765010865,2.833136353,2.834575382,
"Gambia, The",GMB,Population growth (annual %),SP.POP.GROW,,2.970180788,2.974008271,2.995405745,3.018401286,3.030426733,3.034826759,3.026045177,3.008473803,2.988605658,2.968565918,2.946722281,2.921850237,
Guinea-Bissau,GNB,Population growth (annual %),SP.POP.GROW,,2.476478494,2.52396916,2.573083429,2.618127055,2.651065872,2.660769355,2.645231787,2.610508916,2.570575611,2.532080949,2.493771961,2.456522095,
Equatorial Guinea,GNQ,Population growth (annual %),SP.POP.GROW,,4.654911278,4.626119686,4.557382417,4.477741442,4.394863172,4.291977218,4.172454906,4.042030141,3.911232347,3.780716547,3.654506773,3.528524074,
Greece,GRC,Population growth (annual %),SP.POP.GROW,,0.265457837,0.263026401,0.128880433,-0.147951277,-0.540752951,-0.725120807,-0.66611329,-0.658861361,-0.415913028,-0.197783225,-0.202880238,-0.154411355,
Grenada,GRD,Population growth (annual %),SP.POP.GROW,,0.252556556,0.315273995,0.418825074,0.528567764,0.606792314,0.671566786,0.67443316,0.637985514,0.602203221,0.554413883,0.52175283,0.491370693,
Greenland,GRL,Population growth (annual %),SP.POP.GROW,,-0.402186877,-0.008876974,1.028023326,-0.026363197,-0.140721219,-0.577265865,-0.333398667,-0.322038549,0.128227978,-0.024920344,-0.265609141,0.359917714,
Guatemala,GTM,Population growth (annual %),SP.POP.GROW,,1.927447638,1.881063438,1.836556428,1.819487756,1.777495787,1.757167698,1.728757603,1.691465093,1.658073318,1.6276538,1.600385982,1.560386048,
Guam,GUM,Population growth (annual %),SP.POP.GROW,,0.118911689,0.119398497,0.136818674,0.155419664,0.190185488,0.256552046,0.378940355,0.518477695,0.676102623,0.812883412,0.901084422,0.916352318,
Guyana,GUY,Population growth (annual %),SP.POP.GROW,,0.045938803,0.120572634,0.229502209,0.345263366,0.447252918,0.513111451,0.53787404,0.52939348,0.511309291,0.49851809,0.486803065,0.481762011,
High income,HIC,Population growth (annual %),SP.POP.GROW,,0.795185967,0.716790379,0.642043376,0.457309513,0.572453165,0.575760777,0.587498073,0.568071402,0.56092858,0.490447235,0.44771649,0.433729854,
"Hong Kong SAR, China",HKG,Population growth (annual %),SP.POP.GROW,,0.598238787,0.215353334,0.734446396,0.672543292,1.103957997,0.401982536,0.702370951,0.851197911,0.619366345,0.748222905,0.799050247,0.75409492,
Honduras,HND,Population growth (annual %),SP.POP.GROW,,2.184288936,2.105493627,2.024510729,1.943145198,1.869298244,1.810108271,1.769416748,1.741494121,1.717638855,1.692228879,1.667103614,1.640648793,
Heavily indebted poor countries (HIPC),HPC,Population growth (annual %),SP.POP.GROW,,2.789978548,2.798080852,2.817216855,2.835859811,2.846526932,2.850510069,2.845865479,2.834158946,2.821060628,2.805975711,2.78329757,2.752202266,
Croatia,HRV,Population growth (annual %),SP.POP.GROW,,-0.011879458,-0.105027517,-0.226821271,-0.345264228,-0.305655945,-0.278509063,-0.407343185,-0.824099164,-0.698383457,-1.200610165,-0.893486928,-0.498888696,
Haiti,HTI,Population growth (annual %),SP.POP.GROW,,1.580356023,1.557952965,1.53214301,1.506269837,1.480132666,1.450208242,1.416131147,1.379519207,1.341320934,1.305066708,1.273996399,1.249899403,
Hungary,HUN,Population growth (annual %),SP.POP.GROW,,-0.175097367,-0.154908814,-0.226013876,-0.283360436,-0.516437607,-0.275368757,-0.269378767,-0.237855002,-0.295110605,-0.265860932,-0.126786952,-0.057455644,
IBRD only,IBD,Population growth (annual %),SP.POP.GROW,,1.004240444,1.006413768,0.989086466,0.993759854,0.993853494,0.9913552,0.977548809,0.957267739,0.943736813,0.924225418,0.867442765,0.816182786,
IDA & IBRD total,IBT,Population growth (annual %),SP.POP.GROW,,1.315064672,1.315212961,1.304378359,1.303843216,1.295673429,1.294051453,1.286478813,1.27572204,1.270363672,1.259617885,1.221279361,1.188764433,
IDA total,IDA,Population growth (annual %),SP.POP.GROW,,2.36382798,2.343304696,2.340374245,2.309271582,2.261724619,2.250895351,2.25099877,2.257595479,2.264629011,2.267379098,2.270496517,2.278408703,
IDA blend,IDB,Population growth (annual %),SP.POP.GROW,,2.422714859,2.423393417,2.483388254,2.459937457,2.368756415,2.360263764,2.353080356,2.340505706,2.322873195,2.300381902,2.282201191,2.26855634,
Indonesia,IDN,Population growth (annual %),SP.POP.GROW,,1.323330908,1.329218178,1.337774157,1.347997889,1.351892192,1.340921601,1.310876905,1.267465577,1.219765616,1.175102592,1.133769861,1.100584587,
IDA only,IDX,Population growth (annual %),SP.POP.GROW,,2.334415595,2.303268056,2.268797079,2.233706502,2.20792502,2.195834744,2.199523967,2.215725048,2.235179253,2.250677717,2.264570377,2.283397868,
Isle of Man,IMN,Population growth (annual %),SP.POP.GROW,,1.325991607,1.034056532,0.568448583,0.034169303,-0.416718917,-0.661094694,-0.582813478,-0.304699076,0.063655637,0.372712179,0.571344927,0.60120778,
India,IND,Population growth (annual %),SP.POP.GROW,,1.46489008,1.4105823,1.350339045,1.28857558,1.231622928,1.18301607,1.145623988,1.116633091,1.08988008,1.062597394,1.03732336,1.015106028,
Not classified,INX,Population growth (annual %),SP.POP.GROW,,,,,,,,,,,,,,
Ireland,IRL,Population growth (annual %),SP.POP.GROW,,2.038708011,1.015663276,0.544884384,0.436072439,0.423743803,0.526556159,0.731001377,0.944845307,1.128834064,1.088675561,1.238875453,1.511494038,
"Iran, Islamic Rep.",IRN,Population growth (annual %),SP.POP.GROW,,1.093200579,1.108950735,1.142144939,1.175824658,1.205151389,1.239418332,1.278126816,1.316350598,1.356248244,1.385380473,1.386479705,1.352226023,
Iraq,IRQ,Population growth (annual %),SP.POP.GROW,,1.685735606,2.048283545,2.618942811,3.252703811,3.720640652,3.896253775,3.714855313,3.316223191,2.877254128,2.540874669,2.318464028,2.254134219,
Iceland,ISL,Population growth (annual %),SP.POP.GROW,,1.859572171,0.341241979,-0.143903,0.305468368,0.532100735,0.9458859,1.112504755,1.041940387,1.388081496,2.345582676,2.678142769,2.406724253,
Israel,ISR,Population growth (annual %),SP.POP.GROW,,1.776579106,2.390207338,1.82675241,1.848077862,1.846151321,1.866052895,1.919543799,1.981288976,1.960348962,1.938725674,1.926622865,1.901250951,
Italy,ITA,Population growth (annual %),SP.POP.GROW,,0.662469253,0.45561345,0.307591222,0.171978291,0.26954124,1.159251117,0.917504096,-0.096376133,-0.169884073,-0.149861117,-0.19006364,-0.206038624,
Jamaica,JAM,Population growth (annual %),SP.POP.GROW,,0.491847719,0.500600485,0.521664591,0.548898908,0.571731466,0.581564956,0.572985316,0.550974945,0.524973438,0.50162356,0.47823514,0.456356197,
Jordan,JOR,Population growth (annual %),SP.POP.GROW,,4.702766143,5.009055408,5.204766722,5.382885713,5.431586568,5.172912275,4.583580445,3.811240004,3.028091537,2.356016488,1.792156922,1.452664319,
Japan,JPN,Population growth (annual %),SP.POP.GROW,,0.048425395,-0.012494631,0.017960542,-0.185226486,-0.159710676,-0.144271883,-0.132694222,-0.106124994,-0.115284177,-0.164484036,-0.202670345,-0.208999473,
Kazakhstan,KAZ,Population growth (annual %),SP.POP.GROW,,1.21836561,2.637004543,1.413271477,1.431506409,1.408676972,1.439445441,1.472676743,1.461484685,1.42204614,1.360381269,1.31477741,1.290742218,
Kenya,KEN,Population growth (annual %),SP.POP.GROW,,2.767253963,2.750846669,2.722585637,2.693732572,2.66270486,2.618524437,2.55944065,2.491936871,2.421143197,2.356812573,2.305948675,2.27190164,
Kyrgyz Republic,KGZ,Population growth (annual %),SP.POP.GROW,,0.950220145,1.207265644,1.192864429,1.216890729,1.665236559,1.984738667,2.006107899,2.059025966,2.037224422,1.933647156,1.99032207,2.098717844,
Cambodia,KHM,Population growth (annual %),SP.POP.GROW,,1.479300731,1.499593573,1.539208139,1.588817643,1.630429697,1.64984965,1.638083897,1.603706854,1.565227051,1.530261745,1.490355371,1.44639338,
Kiribati,KIR,Population growth (annual %),SP.POP.GROW,,2.288002803,2.172441727,1.959279184,1.734651379,1.555706939,1.41886073,1.381643013,1.397075206,1.426716047,1.441692152,1.468690124,1.506969958,
St. Kitts and Nevis,KNA,Population growth (annual %),SP.POP.GROW,,0.84824868,0.855518526,0.854382086,0.875461346,0.885905889,0.886074168,0.876322308,0.841371154,0.82079272,0.810267769,0.757999916,0.72579738,
"Korea, Rep.",KOR,Population growth (annual %),SP.POP.GROW,,0.759316682,0.514682828,0.498225084,0.768971759,0.525713661,0.455218622,0.628149861,0.527288497,0.396851823,0.280968018,0.47533441,0.198353208,
Kuwait,KWT,Population growth (annual %),SP.POP.GROW,,5.892757909,6.028276352,5.879590562,5.721612386,5.549848598,5.165281556,4.561072439,3.844209076,3.113104246,2.476710196,1.982462733,1.672323183,
Latin America & Caribbean (excluding high income),LAC,Population growth (annual %),SP.POP.GROW,,1.192383725,1.169614242,1.13002892,1.141264111,1.120775648,1.097057749,1.067839658,1.035150891,1.000810672,0.969199356,0.943930951,0.930756337,
Lao PDR,LAO,Population growth (annual %),SP.POP.GROW,,1.695765498,1.672871607,1.621970051,1.562373505,1.516011911,1.490482499,1.493868185,1.515739448,1.540943466,1.553620994,1.548022991,1.517115575,
Lebanon,LBN,Population growth (annual %),SP.POP.GROW,,-0.054615545,1.008281138,2.867977696,4.910333173,6.263879893,6.567952103,5.713767406,4.225187136,2.69490347,1.490111794,0.54245866,0.099061362,
Liberia,LBR,Population growth (annual %),SP.POP.GROW,,4.129405005,3.974256763,3.590031659,3.188794759,2.90010564,2.688021909,2.583161272,2.552864685,2.529283132,2.485644197,2.452522593,2.427194604,
Libya,LBY,Population growth (annual %),SP.POP.GROW,,1.395472943,1.23412792,1.032782823,0.799933426,0.611354689,0.549084368,0.657259875,0.88070131,1.1440289,1.354885849,1.47586739,1.469777653,
St. Lucia,LCA,Population growth (annual %),SP.POP.GROW,,1.405028296,1.291539494,1.07651499,0.834603805,0.625800617,0.489611577,0.440124485,0.464437831,0.500070651,0.515820624,0.514822934,0.494134202,
Latin America & Caribbean,LCN,Population growth (annual %),SP.POP.GROW,,1.173897773,1.152299097,1.114535707,1.119847656,1.099420319,1.078218245,1.050294962,1.022463561,0.993696477,0.964288762,0.931301227,0.933091751,
Least developed countries: UN classification,LDC,Population growth (annual %),SP.POP.GROW,,2.351113887,2.349123086,2.360418067,2.373538285,2.381586722,2.386627239,2.386832613,2.382972897,2.377984729,2.371929065,2.361954866,2.349923481,
Low income,LIC,Population growth (annual %),SP.POP.GROW,,2.82310603,2.770194998,2.705035636,2.636417058,2.580256121,2.547321489,2.543850809,2.560435151,2.577156801,2.588291353,2.604124314,2.629610405,
Liechtenstein,LIE,Population growth (annual %),SP.POP.GROW,,0.718654066,0.719124423,0.744555245,0.827262731,0.88331073,0.867454351,0.779431377,0.661376301,0.500480227,0.376368755,0.29058269,0.287110524,
Sri Lanka,LKA,Population growth (annual %),SP.POP.GROW,,0.7128032,0.695753117,0.684554667,0.673547206,0.12899381,0.780301448,0.933207943,0.919811027,1.104983619,1.130220486,1.048392958,0.611875946,
Lower middle income,LMC,Population growth (annual %),SP.POP.GROW,,1.630911126,1.612257517,1.603926654,1.581556502,1.545707582,1.533469686,1.513850688,1.50049118,1.483494011,1.463794545,1.44557808,1.426182213,
Low & middle income,LMY,Population growth (annual %),SP.POP.GROW,,1.332185312,1.328638712,1.319281602,1.316416993,1.308336436,1.306636129,1.298681737,1.287672258,1.281562613,1.269967525,1.231414843,1.198851595,
Lesotho,LSO,Population growth (annual %),SP.POP.GROW,,0.010417581,0.150958226,0.27347703,0.410365414,0.557534246,0.669173754,0.732722394,0.759743303,0.773100849,0.787780034,0.796281137,0.809566476,
Late-demographic dividend,LTE,Population growth (annual %),SP.POP.GROW,,0.622997913,0.631199845,0.599032845,0.596180767,0.597231553,0.605661454,0.611171792,0.606119301,0.62295175,0.624215079,0.540903723,0.464939742,
Lithuania,LTU,Population growth (annual %),SP.POP.GROW,,-1.028483175,-1.110345754,-2.09694342,-2.258463899,-1.341201988,-1.012007368,-0.859827343,-0.940753797,-1.270694533,-1.398322201,-0.954190459,-0.526056406,
Luxembourg,LUX,Population growth (annual %),SP.POP.GROW,,1.787496632,1.85177523,1.825405804,2.222660503,2.4015419,2.311176253,2.356978705,2.359951181,2.155311988,2.430976418,1.928837514,1.945908029,
Latvia,LVA,Population growth (annual %),SP.POP.GROW,,-1.050939544,-1.651024968,-2.08130509,-1.820767002,-1.240359153,-1.071034803,-0.941743354,-0.818626341,-0.913885332,-0.886215573,-0.779138396,-0.749229474,
"Macao SAR, China",MAC,Population growth (annual %),SP.POP.GROW,,2.104122736,2.143050933,2.220416052,2.316432195,2.369353556,2.336337476,2.198824434,1.992361421,1.769873208,1.578280176,1.443311366,1.384996838,
St. Martin (French part),MAF,Population growth (annual %),SP.POP.GROW,,2.048769313,1.325057765,0.546967038,-0.362531719,-1.173876887,-1.513736671,-1.208824125,-0.436882417,0.575617178,1.363188063,1.907296656,1.961107678,
Morocco,MAR,Population growth (annual %),SP.POP.GROW,,1.190237718,1.23619458,1.289222897,1.346536709,1.393605966,1.415232839,1.403845047,1.368838447,1.32597922,1.287002655,1.250794964,1.22105093,
Monaco,MCO,Population growth (annual %),SP.POP.GROW,,1.000051564,1.010023137,1.08982134,1.150272329,1.203038625,1.20228817,1.134431416,1.055446898,0.92891363,0.842253416,0.7525271,0.726376735,
Moldova,MDA,Population growth (annual %),SP.POP.GROW,,-0.190371976,-0.12623185,-0.099863207,-0.057818827,-0.013113514,-0.026791882,-0.060955534,-0.787848362,-1.148202158,-1.691932579,-1.798515374,-1.805225538,
Madagascar,MDG,Population growth (annual %),SP.POP.GROW,,2.85559833,2.823486815,2.792666771,2.761889589,2.733967919,2.71321242,2.700996011,2.694213382,2.688183812,2.679883239,2.66961324,2.656240162,
Maldives,MDV,Population growth (annual %),SP.POP.GROW,,2.441248168,2.854753665,3.431139266,3.95667434,4.306004329,4.517333607,4.567409729,4.473007506,4.428363294,4.299186108,3.813136225,2.91560605,
Middle East & North Africa,MEA,Population growth (annual %),SP.POP.GROW,,2.181121997,2.179619847,2.126020988,2.079883128,2.038279872,1.99108615,1.940194714,1.887753139,1.826082776,1.766063167,1.73544139,1.73629248,
Mexico,MEX,Population growth (annual %),SP.POP.GROW,,1.495369111,1.476757594,1.438141533,1.394792539,1.355289252,1.315560984,1.277676363,1.241177725,1.203251329,1.163967779,1.126421149,1.091362132,
Marshall Islands,MHL,Population growth (annual %),SP.POP.GROW,,0.219202583,0.135202468,0.206009876,0.292302041,0.328482918,0.388896711,0.422374157,0.453681701,0.514006029,0.557893548,0.609595692,0.645031416,
Middle income,MIC,Population growth (annual %),SP.POP.GROW,,1.187104966,1.186093976,1.180109534,1.181850643,1.17680757,1.17655753,1.166364342,1.15058105,1.140067136,1.123943912,1.077165467,1.035650534,
North Macedonia,MKD,Population growth (annual %),SP.POP.GROW,,0.091319589,0.083455185,0.082226596,0.084282115,0.086380594,0.086209706,0.082237124,0.074715496,0.068123807,0.06010463,0.046194989,0.024049441,
Mali,MLI,Population growth (annual %),SP.POP.GROW,,3.329047326,3.261149086,3.158626749,3.044593573,2.952565219,2.901062154,2.901921705,2.935992047,2.975295283,2.999115367,3.007913579,2.99663676,
Malta,MLT,Population growth (annual %),SP.POP.GROW,,0.650655461,0.753906931,0.491182811,0.423700885,0.899209212,1.404050276,1.996754408,2.386395363,2.288615441,2.738662856,3.491955403,3.651435801,
Myanmar,MMR,Population growth (annual %),SP.POP.GROW,,0.619115071,0.640299595,0.694989178,0.767385401,0.826303883,0.849756952,0.822712022,0.762033335,0.689521233,0.633962381,0.608482652,0.625548337,
Middle East & North Africa (excluding high income),MNA,Population growth (annual %),SP.POP.GROW,,1.773096509,1.784799018,1.797743136,1.814118179,1.826721227,1.824669811,1.804201981,1.772245035,1.731135786,1.693408753,1.686366943,1.713352647,
Montenegro,MNE,Population growth (annual %),SP.POP.GROW,,0.177475867,0.214529296,0.183239906,0.105041772,0.084147408,0.097599637,0.097022011,0.056110724,0.023142531,0.011247907,-0.023461353,-0.014465221,
Mongolia,MNG,Population growth (annual %),SP.POP.GROW,,1.457356633,1.579392665,1.709445872,1.83843533,1.942381267,2.001051262,2.00339925,1.964550454,1.913251831,1.861276285,1.79600998,1.718753097,
Northern Mariana Islands,MNP,Population growth (annual %),SP.POP.GROW,,-1.081544354,-0.79399046,-0.410488354,0.075937883,0.552054059,0.867139583,0.946513983,0.855206185,0.728782877,0.663417067,0.564156498,0.585463293,
Mozambique,MOZ,Population growth (annual %),SP.POP.GROW,,2.745479417,2.736925889,2.743721432,2.749233949,2.753116358,2.769039684,2.798568532,2.834860784,2.872120456,2.900629142,2.913458975,2.907137438,
Mauritania,MRT,Population growth (annual %),SP.POP.GROW,,2.884475505,2.905320265,2.926799928,2.945519925,2.954438464,2.949158239,2.927320332,2.893574072,2.856110242,2.818999783,2.780434406,2.741280273,
Mauritius,MUS,Population growth (annual %),SP.POP.GROW,,0.361630847,0.265537673,0.237886693,0.160140421,0.277321026,0.220398692,0.181061469,0.132433083,0.068723138,0.090186811,0.054547267,0.032240043,
Malawi,MWI,Population growth (annual %),SP.POP.GROW,,2.852711626,2.874008503,2.870717182,2.864435231,2.858692113,2.838417615,2.80309477,2.7594617,2.709903551,2.666616388,2.641917288,2.640375193,
Malaysia,MYS,Population growth (annual %),SP.POP.GROW,,1.911365204,1.815674781,1.691027071,1.55799095,1.445660673,1.369113713,1.340490659,1.344947677,1.357864517,1.360192981,1.352511651,1.327060649,
North America,NAC,Population growth (annual %),SP.POP.GROW,,0.963907968,0.906830276,0.859298281,0.748150627,0.765764289,0.726215521,0.75807323,0.734793863,0.760948044,0.689856612,0.612969454,0.572694995,
Namibia,NAM,Population growth (annual %),SP.POP.GROW,,1.821326286,1.825753998,1.801512464,1.769492384,1.750389687,1.749070286,1.77153652,1.807851372,1.846297158,1.872154337,1.882279294,1.872480881,
New Caledonia,NCL,Population growth (annual %),SP.POP.GROW,,1.452307684,1.309615607,1.533215429,1.825085374,1.811679043,1.779440428,1.65510643,1.6098044,1.512006217,1.364718613,1.314666088,1.3080311,
Niger,NER,Population growth (annual %),SP.POP.GROW,,3.77853074,3.809711497,3.844154032,3.876360997,3.898694473,3.907245338,3.899889965,3.881581481,3.860078795,3.839154453,3.816869199,3.793668153,
Nigeria,NGA,Population growth (annual %),SP.POP.GROW,,2.649864293,2.662916691,2.671442933,2.677883827,2.680913555,2.676900328,2.665019173,2.6474192,2.627702662,2.607676386,2.586545852,2.564841886,
Nicaragua,NIC,Population growth (annual %),SP.POP.GROW,,1.374697898,1.368535989,1.357700656,1.34688315,1.337558375,1.327178181,1.315508853,1.302091432,1.288955673,1.274855157,1.255357967,1.229573677,
Netherlands,NLD,Population growth (annual %),SP.POP.GROW,,0.389292461,0.514284545,0.512923101,0.466428782,0.370055035,0.294820793,0.359828173,0.443220089,0.53217888,0.591203366,0.583933409,0.58572446,
Norway,NOR,Population growth (annual %),SP.POP.GROW,,1.246333015,1.261127289,1.24566618,1.297189391,1.313440989,1.209141589,1.127736677,0.995084737,0.880969815,0.807673182,0.660090844,0.675061373,
Nepal,NPL,Population growth (annual %),SP.POP.GROW,,1.070696422,0.810307142,0.481206223,0.10443136,-0.190907924,-0.266959829,-0.040799013,0.400968922,0.906849996,1.333612899,1.653980239,1.837337077,
Nauru,NRU,Population growth (annual %),SP.POP.GROW,,0.496631031,0.484115923,0.661855605,0.518394143,2.183406957,5.138571156,9.109230951,5.114564154,4.498486084,-1.334638904,-1.344820893,-0.972916514,
New Zealand,NZL,Population growth (annual %),SP.POP.GROW,,0.848701402,0.999728031,1.111726056,0.762479795,0.548220797,0.768347998,1.510339485,1.889045125,2.099356886,2.122962382,0.977703457,1.557727747,
OECD members,OED,Population growth (annual %),SP.POP.GROW,,0.781570514,0.71292348,0.657777577,0.507679575,0.619123446,0.640876375,0.666238821,0.657284413,0.664198039,0.615110897,0.577773617,0.541905325,
Oman,OMN,Population growth (annual %),SP.POP.GROW,,3.469390162,4.451407873,5.58640038,6.666674659,7.32038057,7.349640007,6.739017689,5.790631303,4.845614386,4.083954207,3.445117966,2.968313394,
Other small states,OSS,Population growth (annual %),SP.POP.GROW,,2.728666271,2.646851037,2.490818453,2.291740544,2.174113728,2.083480933,2.050092833,2.060536426,2.051928177,2.050988328,2.027977896,1.951208982,
Pakistan,PAK,Population growth (annual %),SP.POP.GROW,,2.26305181,2.233333997,2.197033999,2.159028902,2.126711756,2.103632169,2.092276276,2.087629055,2.084320949,2.074997082,2.05587987,2.029214863,
Panama,PAN,Population growth (annual %),SP.POP.GROW,,1.794311712,1.776150401,1.757809351,1.736185243,1.715705644,1.704287378,1.703029701,1.707123796,1.713624922,1.7115912,1.69258055,1.651786891,
Peru,PER,Population growth (annual %),SP.POP.GROW,,0.805922327,0.803205826,0.812933092,0.811930737,0.825138039,0.901475426,1.056972861,1.256186053,1.483160681,1.661934247,1.718246517,1.616157197,
Philippines,PHL,Population growth (annual %),SP.POP.GROW,,1.65996179,1.649857391,1.666112353,1.691813951,1.704126853,1.692082958,1.646689216,1.579367402,1.507207616,1.445492801,1.39613428,1.363994679,
Palau,PLW,Population growth (annual %),SP.POP.GROW,,-2.398297823,-2.265635313,-1.821242392,-1.176484158,-0.593473552,-0.192929754,0.113533164,0.221019613,0.339079161,0.467172211,0.554390332,0.562440575,
Papua New Guinea,PNG,Population growth (annual %),SP.POP.GROW,,2.433061143,2.387696103,2.293116811,2.187683876,2.102969323,2.041359054,2.01278982,2.00628287,2.002382597,1.990144672,1.974760178,1.953679082,
Poland,POL,Population growth (annual %),SP.POP.GROW,,0.01363738,0.067763227,-0.285609122,0.053769709,-0.000239076,-0.060360017,-0.074846229,-0.066641101,-0.042985131,0.012480099,-0.000200133,-0.010207303,
Pre-demographic dividend,PRE,Population growth (annual %),SP.POP.GROW,,2.845194283,2.864991029,2.89786039,2.931949937,2.953061415,2.955560466,2.934983243,2.899038611,2.859509643,2.82418333,2.791762185,2.764302314,
Puerto Rico,PRI,Population growth (annual %),SP.POP.GROW,,-0.586677392,-0.545401894,-0.506170057,-1.156540293,-1.209987934,-1.145930978,-1.633128331,-1.759208258,-1.93497109,-2.418017622,-4.048391034,0.010646546,
"Korea, Dem. People?s Rep.",PRK,Population growth (annual %),SP.POP.GROW,,0.502330274,0.485034513,0.492046502,0.506069264,0.514319797,0.518158546,0.513332499,0.501900028,0.490819484,0.481855372,0.47012429,0.454319922,
Portugal,PRT,Population growth (annual %),SP.POP.GROW,,0.14419128,0.095330859,0.045910037,-0.147084879,-0.405421788,-0.548815211,-0.539190467,-0.414141102,-0.315459017,-0.24388941,-0.160104021,-0.140172577,
Paraguay,PRY,Population growth (annual %),SP.POP.GROW,,1.372056297,1.350354378,1.354323861,1.366354548,1.372544496,1.372824764,1.361597664,1.342858435,1.323677576,1.307316991,1.287844517,1.265167271,
West Bank and Gaza,PSE,Population growth (annual %),SP.POP.GROW,,2.751358802,2.667950749,2.597032218,2.525186831,2.46768715,2.40084832,2.344077211,2.290480058,2.246105276,1.988686349,2.533011484,2.511782463,
Pacific island small states,PSS,Population growth (annual %),SP.POP.GROW,,1.352491516,1.337687849,1.290070868,1.23182506,1.20037577,1.207427311,1.264534966,1.313299523,1.385379628,1.41434916,1.456636965,1.478370956,
Post-demographic dividend,PST,Population growth (annual %),SP.POP.GROW,,0.606080767,0.51524691,0.466098665,0.274477606,0.418630791,0.437638172,0.453698632,0.445418529,0.442623647,0.368205926,0.331883365,0.313038865,
French Polynesia,PYF,Population growth (annual %),SP.POP.GROW,,0.508750447,0.450772043,0.451751632,0.465410564,0.484446518,0.493209189,0.508088239,0.52089856,0.529854316,0.554953683,0.569178577,0.577415665,
Qatar,QAT,Population growth (annual %),SP.POP.GROW,,16.47580277,14.14463415,11.48290073,9.232393296,7.574748356,6.201453325,5.114952657,4.239996291,3.397360191,2.615829323,2.068684466,1.795285051,
Romania,ROU,Population growth (annual %),SP.POP.GROW,,-1.666382643,-0.833088755,-0.593959184,-0.491866213,-0.445177936,-0.371323063,-0.374575498,-0.470052228,-0.573660845,-0.585281876,-0.587536174,-0.597497124,
Russian Federation,RUS,Population growth (annual %),SP.POP.GROW,,-0.043949259,0.030107761,0.044895788,0.077981777,0.168305035,0.212950705,0.217641567,0.192558642,0.170244546,0.106871954,-0.013066892,-0.072234378,
Rwanda,RWA,Population growth (annual %),SP.POP.GROW,,2.668241259,2.67516791,2.588850081,2.498503397,2.459912832,2.451902154,2.485533644,2.542690207,2.602355764,2.63966475,2.644008891,2.607652645,
South Asia,SAS,Population growth (annual %),SP.POP.GROW,,1.531097681,1.482362979,1.434921371,1.387696855,1.336879805,1.308089535,1.282053895,1.260452919,1.243278484,1.223397434,1.202181388,1.17879909,
Saudi Arabia,SAU,Population growth (annual %),SP.POP.GROW,,2.756786089,2.824933954,2.927617708,3.039332443,3.091355922,3.03136125,2.835954922,2.556784389,2.259766669,2.003600072,1.7988753,1.673111729,
Sudan,SDN,Population growth (annual %),SP.POP.GROW,,2.140712731,2.163163278,2.228215581,2.302617,2.359799549,2.398943982,2.412115688,2.407212277,2.398807904,2.395219858,2.392265265,2.391434033,
Senegal,SEN,Population growth (annual %),SP.POP.GROW,,2.681436493,2.714923677,2.743232171,2.766679226,2.785660419,2.799058899,2.806700536,2.80841559,2.807361306,2.800658333,2.78193167,2.749747408,
Singapore,SGP,Population growth (annual %),SP.POP.GROW,,5.321517083,3.015949915,1.771832879,2.084902456,2.45339033,1.619308099,1.298440178,1.186376937,1.297436099,0.08859547,0.469704299,1.144283307,
Solomon Islands,SLB,Population growth (annual %),SP.POP.GROW,,2.255864668,2.321267536,2.431469624,2.554885538,2.650154869,2.70923321,2.718366576,2.695347241,2.669813517,2.6447309,2.610133776,2.565385064,
Sierra Leone,SLE,Population growth (annual %),SP.POP.GROW,,2.37522009,2.242996189,2.252551979,2.274655942,2.249914334,2.230392163,2.206884922,2.181626694,2.164441213,2.154231955,2.136648208,2.109075252,
El Salvador,SLV,Population growth (annual %),SP.POP.GROW,,0.424169675,0.421858398,0.424404001,0.430725951,0.439491727,0.450208946,0.462663702,0.475363828,0.489210768,0.501858163,0.509367036,0.509683302,
San Marino,SMR,Population growth (annual %),SP.POP.GROW,,1.226522475,1.247363112,1.331311467,1.373848926,1.392614169,1.385774906,1.206103077,0.978564136,0.694863225,0.497209807,0.337998424,0.22174597,
Somalia,SOM,Population growth (annual %),SP.POP.GROW,,2.821405647,2.773317812,2.745705976,2.722661885,2.703899313,2.701534265,2.717471318,2.74531815,2.776253649,2.80476949,2.831767652,2.855602116,
Serbia,SRB,Population growth (annual %),SP.POP.GROW,,-0.425705552,-0.400994905,-0.402005901,-0.789468998,-0.485299545,-0.486591387,-0.469489291,-0.494772574,-0.523694463,-0.532191341,-0.546351969,-0.540353662,
Sub-Saharan Africa (excluding high income),SSA,Population growth (annual %),SP.POP.GROW,,2.755246798,2.763596591,2.767248854,2.768446242,2.767330482,2.761911325,2.751962756,2.738192931,2.722650657,2.7052174,2.684155329,2.660314268,
South Sudan,SSD,Population growth (annual %),SP.POP.GROW,,4.948207021,4.53476108,3.926432203,3.333810644,2.837576117,2.358727149,1.911562502,1.511743983,1.084594613,0.719738422,0.59544157,0.782224434,
Sub-Saharan Africa,SSF,Population growth (annual %),SP.POP.GROW,,2.751490597,2.759570128,2.763524852,2.764139475,2.763664609,2.75834728,2.748418688,2.734756525,2.719155404,2.70184977,2.680831268,2.657071757,
Small states,SST,Population growth (annual %),SP.POP.GROW,,2.214041323,2.162080247,2.053516641,1.911196017,1.828197573,1.764722676,1.743839715,1.753089647,1.748963895,1.74819898,1.731607951,1.673235199,
Sao Tome and Principe,STP,Population growth (annual %),SP.POP.GROW,,2.857167858,2.74141365,2.523663955,2.27636955,2.080905702,1.935980106,1.877243676,1.875249494,1.88502548,1.882507166,1.884217354,1.890763323,
Suriname,SUR,Population growth (annual %),SP.POP.GROW,,1.155702231,1.15129214,1.144235961,1.136523212,1.127077102,1.110861225,1.087089694,1.05537038,1.022222701,0.987867648,0.958587769,0.929879178,
Slovak Republic,SVK,Population growth (annual %),SP.POP.GROW,,0.0857553,0.133257321,0.093191273,0.128936463,0.170183855,0.107458009,0.097045422,0.095033879,0.12892233,0.155178996,0.13850816,0.133971298,
Slovenia,SVN,Population growth (annual %),SP.POP.GROW,,0.158140844,0.903875535,0.436079485,0.207732702,0.210024306,0.135726229,0.098351922,0.075190689,0.073197207,0.065159039,0.362584395,0.675280808,
Sweden,SWE,Population growth (annual %),SP.POP.GROW,,0.779033291,0.851904413,0.852524629,0.755150134,0.739763272,0.847348652,0.992219729,1.057454686,1.256453985,1.34744506,1.16164516,1.077580381,
Eswatini,SWZ,Population growth (annual %),SP.POP.GROW,,0.697031443,0.713864393,0.694531003,0.673417714,0.674565152,0.697191862,0.750005807,0.820626097,0.896297661,0.962067725,1.011798397,1.045309194,
Sint Maarten (Dutch part),SXM,Population growth (annual %),SP.POP.GROW,,0.451494681,0.803499822,-0.532990983,-1.840297302,3.540582819,5.523039526,2.902265834,2.980223174,2.903978461,1.502331373,0.196976476,0.194134259,
Seychelles,SYC,Population growth (annual %),SP.POP.GROW,,2.236282715,0.392530948,2.792329069,-2.628656355,0.98098019,1.846876093,1.555395709,2.229795053,1.33763478,1.224033758,0.954291918,0.887925293,
Syrian Arab Republic,SYR,Population growth (annual %),SP.POP.GROW,,3.876852433,2.588327688,0.736023435,-1.31729901,-3.084734319,-4.289117543,-4.536564951,-3.913350021,-3.066273746,-2.235952757,-0.952015452,0.96451174,
Turks and Caicos Islands,TCA,Population growth (annual %),SP.POP.GROW,,2.653312974,2.318907759,2.247981462,2.171595248,2.043277942,1.933284045,1.820307038,1.715529108,1.593637256,1.509380666,1.471008071,1.386860448,
Chad,TCD,Population growth (annual %),SP.POP.GROW,,3.32337145,3.311623295,3.334642775,3.363545784,3.370758938,3.350985214,3.296945541,3.222050147,3.143959589,3.077531708,3.023579699,2.985937461,
East Asia & Pacific (IDA & IBRD countries),TEA,Population growth (annual %),SP.POP.GROW,,0.732586384,0.723324831,0.716799251,0.71891835,0.727674661,0.731213772,0.733326899,0.723894722,0.734759218,0.735624059,0.654850956,0.579735336,
Europe & Central Asia (IDA & IBRD countries),TEC,Population growth (annual %),SP.POP.GROW,,0.247627454,0.406162554,0.438291349,0.507611287,0.506495684,0.555145246,0.547995174,0.551641208,0.534131114,0.496829472,0.436321808,0.398557755,
Togo,TGO,Population growth (annual %),SP.POP.GROW,,2.716994889,2.714801699,2.696455516,2.677515307,2.660849964,2.635744685,2.601149524,2.560945092,2.518741857,2.479318302,2.445904207,2.420335208,
Thailand,THA,Population growth (annual %),SP.POP.GROW,,0.525822896,0.503540016,0.489609257,0.480063003,0.469250687,0.453807163,0.430842722,0.402150718,0.373052587,0.345238362,0.315448259,0.283426556,
Tajikistan,TJK,Population growth (annual %),SP.POP.GROW,,2.063579235,2.124626984,2.184338722,2.234800036,2.277533217,2.321266395,2.367163928,2.408647884,2.448490246,2.470382009,2.453465059,2.390546289,
Turkmenistan,TKM,Population growth (annual %),SP.POP.GROW,,1.338519183,1.451936718,1.570268795,1.693237552,1.796928924,1.852083285,1.8454459,1.79414627,1.729432997,1.66898196,1.606415757,1.546389218,
Latin America & the Caribbean (IDA & IBRD countries),TLA,Population growth (annual %),SP.POP.GROW,,1.212234701,1.188839763,1.147745704,1.155223526,1.132441929,1.10883458,1.0830036,1.05560669,1.027728026,1.00079934,0.975721094,0.956653104,
Timor-Leste,TLS,Population growth (annual %),SP.POP.GROW,,1.820376366,1.769866286,1.775671712,1.779013816,1.76689539,1.77593765,1.807556089,1.853650827,1.903194981,1.947068453,1.96810074,1.963835583,
Middle East & North Africa (IDA & IBRD countries),TMN,Population growth (annual %),SP.POP.GROW,,1.761714702,1.774403917,1.78823189,1.805564903,1.818934368,1.817606327,1.797538256,1.765814064,1.724720841,1.68964707,1.675843296,1.703325775,
Tonga,TON,Population growth (annual %),SP.POP.GROW,,0.774911627,0.493080041,0.092362761,-0.408580752,-0.799814248,-0.947661184,-0.729800671,-0.244786034,0.348663646,0.851672299,1.168657761,1.248987063,
South Asia (IDA & IBRD),TSA,Population growth (annual %),SP.POP.GROW,,1.531097681,1.482362979,1.434921371,1.387696855,1.336879805,1.308089535,1.282053895,1.260452919,1.243278484,1.223397434,1.202181388,1.17879909,
Sub-Saharan Africa (IDA & IBRD countries),TSS,Population growth (annual %),SP.POP.GROW,,2.751490597,2.759570128,2.763524852,2.764139475,2.763664609,2.75834728,2.748418688,2.734756525,2.719155404,2.70184977,2.680831268,2.657071757,
Trinidad and Tobago,TTO,Population growth (annual %),SP.POP.GROW,,0.456900692,0.492303222,0.544870372,0.602856207,0.644464454,0.658363989,0.636369332,0.584484971,0.52665947,0.471315702,0.417170469,0.36734766,
Tunisia,TUN,Population growth (annual %),SP.POP.GROW,,1.059000757,1.062668312,1.035407586,0.997672882,0.973860812,0.972018923,1.001545789,1.049753044,1.10299623,1.139078899,1.145827766,1.113643743,
Turkey,TUR,Population growth (annual %),SP.POP.GROW,,1.195376089,1.2738919,1.40009289,1.532400817,1.632957935,1.694202585,1.701972386,1.666051682,1.632250641,1.591059209,1.490444868,1.339260351,
Tuvalu,TUV,Population growth (annual %),SP.POP.GROW,,0.905776828,1.060864419,1.011748632,0.973404652,0.991960221,1.092805837,1.053653983,1.150844109,1.128841946,1.283487413,1.206413793,1.192032773,
Tanzania,TZA,Population growth (annual %),SP.POP.GROW,,2.841470416,2.872967915,2.91186387,2.94803624,2.97488817,2.993448581,3.002104081,3.00254051,3.000522906,2.995388132,2.981674115,2.951681673,
Uganda,UGA,Population growth (annual %),SP.POP.GROW,,3.155897382,3.167519504,3.186619069,3.182881931,3.181665327,3.234464508,3.352319631,3.496089167,3.65264431,3.749875169,3.7213873,3.555740529,
Ukraine,UKR,Population growth (annual %),SP.POP.GROW,,-0.541496741,-0.443841324,-0.397263168,-0.359600093,-0.246976481,-0.22769135,-0.479259791,-0.261251889,-0.331331574,-0.386347533,-0.466425621,-0.533355282,
Upper middle income,UMC,Population growth (annual %),SP.POP.GROW,,0.77286759,0.784936906,0.777886325,0.799400884,0.821094798,0.829930609,0.826536895,0.806050549,0.79959076,0.784727051,0.706962228,0.640342522,
Uruguay,URY,Population growth (annual %),SP.POP.GROW,,0.253958113,0.282665228,0.286155214,0.287119697,0.297573927,0.309230785,0.323864956,0.339819684,0.354674156,0.364798683,0.367502623,0.359859761,
United States,USA,Population growth (annual %),SP.POP.GROW,,0.945865287,0.876651299,0.827846042,0.720017689,0.727268997,0.686773156,0.727517696,0.730641178,0.716669413,0.631007893,0.522337358,0.473953539,
Uzbekistan,UZB,Population growth (annual %),SP.POP.GROW,,1.605327363,1.687340969,2.822849683,2.684015505,1.472099988,1.561904333,1.686900359,1.744258375,1.738849262,1.683506325,1.736986377,1.877363542,
St. Vincent and the Grenadines,VCT,Population growth (annual %),SP.POP.GROW,,-0.115254656,-0.097840141,-0.029555468,0.056332567,0.109803426,0.172305013,0.219787382,0.263292035,0.28452905,0.335635057,0.348123622,0.343298993,
"Venezuela, RB",VEN,Population growth (annual %),SP.POP.GROW,,1.414738074,1.419817009,1.448313355,1.564456214,1.627755571,1.424031969,0.874378499,0.1220584,-0.786447681,-1.538842831,-1.785864856,-1.235041146,
British Virgin Islands,VGB,Population growth (annual %),SP.POP.GROW,,4.106630531,3.545990305,2.753990182,1.87127874,1.162048569,0.685255825,0.491044627,0.560707339,0.693936844,0.753414274,0.757847309,0.762137664,
Virgin Islands (U.S.),VIR,Population growth (annual %),SP.POP.GROW,,0.055366388,0.005534953,-0.043365335,-0.060927766,-0.093309874,-0.135963209,-0.148197574,-0.161414546,-0.185856387,-0.22534906,-0.271651781,-0.323958188,
Vietnam,VNM,Population growth (annual %),SP.POP.GROW,,0.959820468,0.97942427,1.000121995,1.022304796,1.042047722,1.053406156,1.053479554,1.043962275,1.032286623,1.017796272,0.992716375,0.960110494,
Vanuatu,VUT,Population growth (annual %),SP.POP.GROW,,2.355931881,2.436866519,2.557282765,2.690696588,2.782246791,2.819993478,2.786992876,2.707363995,2.620904941,2.546959469,2.480280726,2.430920193,
World,WLD,Population growth (annual %),SP.POP.GROW,,1.239312587,1.223285249,1.203252229,1.170044672,1.183841985,1.183736023,1.179811446,1.168099191,1.162528074,1.141971862,1.103562078,1.074839129,
Samoa,WSM,Population growth (annual %),SP.POP.GROW,,0.666287719,0.703066087,0.75195021,0.814105584,0.859901676,0.857813872,0.785509787,0.669894192,0.526740178,0.419096403,0.397464519,0.491828867,
Kosovo,XKX,Population growth (annual %),SP.POP.GROW,,0.803213478,0.803171845,0.803248961,0.859067492,0.895254757,0.607467947,-0.294473631,-1.364932338,-0.596734074,0.753584843,0.339010962,-0.157991508,
"Yemen, Rep.",YEM,Population growth (annual %),SP.POP.GROW,,2.824209878,2.811865495,2.795788046,2.779987563,2.757338894,2.71651973,2.654140956,2.578072024,2.498247034,2.424025108,2.357022518,2.300580114,
South Africa,ZAF,Population growth (annual %),SP.POP.GROW,,1.334129265,1.391533479,1.455280038,1.525314084,1.583107137,1.605751699,1.583168287,1.528926307,1.464829214,1.40774075,1.357697288,1.338617391,
Zambia,ZMB,Population growth (annual %),SP.POP.GROW,,2.72641516,2.813365844,2.914662962,3.020290578,3.102770166,3.139812131,3.121304561,3.066874538,3.003345679,2.951583275,2.912801004,2.892372927,
Zimbabwe,ZWE,Population growth (annual %),SP.POP.GROW,,1.003658812,1.183792351,1.353892567,1.536390806,1.698000772,1.777644933,1.754692348,1.663812851,1.549758816,1.460060709,1.410782722,1.419681046,
